,x,y,emoji
0,-15.91419889642253,9.574204064690711,#️⃣
1,4.981299728772798,7.635596761984153,*⃣
2,-12.38131596377645,13.63866474213133,0️⃣
3,-13.22961764141026,11.856236114209349,1⃣️
4,-14.747143564028061,11.725029447080422,1️⃣
5,-10.673337120331649,-6.509196287300318,2⃣️
6,-12.779165460562753,12.26688088227617,2️⃣
7,-14.729682531007901,11.598075656860088,3⃣️
8,-13.274746065579755,6.974051537624469,3️⃣
9,-14.892246898389645,11.626561462419595,4⃣️
10,-12.820772711368388,14.094759964087748,4️⃣
11,-9.714681918823965,-11.581683330061491,5⃣️
12,-13.637300614073043,2.305190388734191,5️⃣
13,-8.7750142966783,15.228292562554469,6⃣️
14,-12.612245594768664,12.887242924249286,6️⃣
15,-14.920913716378973,11.840520152781044,7⃣️
16,-13.974629525963557,11.45685982824175,7️⃣
17,12.38030807298678,5.051757430441456,8️⃣
18,2.6281684491625956,-2.265845262408953,9⃣️
19,-12.411208314142414,12.145156913907568,9️⃣
20,-13.264660630525116,2.2779331469781483,©️
21,4.294394531375221,5.705901926992385,®️
22,-7.002834861120364,9.40627859167747,‍
23,-10.386517904998964,-16.71885459158916,‼️
24,-14.070641387587454,-12.312023250633834,⁉️
25,-15.792671579759803,3.884176233330698,™️
26,-4.258510807264366,15.86333083951976,ℹ️
27,-16.455370622213824,-5.442991914417734,↔️
28,-6.045913307832213,-4.405702219246634,↕️
29,-11.235911528354759,12.226250233396426,↖️
30,-15.334525044048114,2.4620318970073694,↗️
31,-12.17363450984339,12.477762703019643,↘️
32,-12.150615446365649,12.311581433096634,↙️
33,-8.122537349109436,-12.66665548677013,↩️
34,-15.366059953451341,-7.961716427168316,↪️
35,-8.325304995368072,10.028769429788417,⌚
36,-9.392632052865055,11.61725233614019,⌚️
37,0.6787547931898025,-11.3169668677585,⌛
38,2.972681484849327,6.703585017855332,⌛️
39,12.476094091542835,6.188527075805371,⌨
40,-15.7097191964939,3.7363972494214046,⏏
41,-11.788479432928904,8.508106867771849,⏩
42,-7.176983211734579,3.1957948926217568,⏪
43,0.9043380032274639,10.61708982662259,⏰
44,-10.250918902294387,-9.856299157289587,⏱
45,-6.721369298272545,13.81655832060147,⏲
46,-10.631504225117917,3.3618185759160273,⏳
47,-8.995691866852438,11.579057503766524,⏸
48,1.7157252443594158,-3.177463473648458,⏹
49,-18.76289958392336,-7.333716823811719,⏺
50,-13.113445975888263,5.705036209626389,Ⓜ️
51,-15.551620419332943,-10.906349847520577,▪️
52,-11.401254502706195,-9.586137973381492,▫️
53,-10.162065435353714,12.922620599219064,▶️
54,-12.279424881126296,11.783964970374614,◀️
55,-18.820135539814896,-6.710868943309985,◻️
56,-18.170899102731862,-12.197288961167398,◼️
57,-15.962915326176764,-11.354575615990086,◽
58,-15.923035410252744,-6.256971634940288,◽️
59,-17.92054286650652,-11.95975374804607,◾
60,-12.150645632346967,-10.106655522458906,◾️
61,-0.7174026205124455,-5.291127499481257,☀️
62,-6.054715064978203,-2.428356778964445,☁️
63,-5.140325387444514,-8.746889608417398,☂
64,7.372952641586099,6.40765477372572,☃
65,-4.906754050724313,8.895417948955178,☄
66,-14.744453746303995,12.920461721660038,☎️
67,-8.663107883272309,15.148923771578934,☑️
68,-0.5953605523080537,-7.070548441298739,☔
69,-14.630683579387076,-4.600405406842976,☔️
70,13.604021648385597,1.7493286583937184,☕
71,-7.4674069955405935,7.7244749917698305,☕️
72,7.748728935921396,6.316487570874672,☘
73,-13.394917822231463,-14.376331449082404,☝️
74,-4.98081385313688,-9.594315172260021,☠
75,10.993481791735604,8.427676768666418,☢
76,8.918009124079399,10.316686665404122,☣
77,-13.22159239193231,12.638630155729947,☦
78,-3.059409817193431,7.94283832513118,☪
79,4.6746651117699365,-1.1910498736939894,☮
80,5.966820826206669,3.9596776838596246,☯
81,3.483712870106148,-11.249736471699412,☸
82,2.1840239885295967,-15.388442302389405,☹
83,-0.618247125567782,-15.681635369211323,☺️
84,7.383258099075587,9.556074438735564,♈
85,9.247096440578948,8.706506050031194,♈️
86,11.382426482152797,8.205602962960898,♉
87,10.170911658137658,10.184593836285433,♉️
88,11.013908604345076,10.237060235697076,♊
89,10.796851889507089,10.211643692505046,♊️
90,10.096683942215622,7.873982742095986,♋
91,10.336874677062738,9.297883006537061,♋️
92,10.853833222851735,10.124087955413202,♌
93,11.260286907981538,10.18313392155029,♌️
94,10.316689122378152,10.288461986250187,♍
95,9.297826439220884,10.891124274979475,♍️
96,9.484589375742217,10.64341829349224,♎
97,9.280347779904854,11.105720430850361,♎️
98,10.476326451706129,9.913033315940298,♏
99,10.697680656996791,9.97703687318262,♏️
100,9.629840249750872,10.643027850017107,♐
101,9.41716847901948,10.658393573092576,♐️
102,8.824986980776343,10.183315417329393,♑
103,9.30917177209255,10.830068690841708,♑️
104,9.816814980263942,10.392953773581345,♒
105,10.674937440399022,10.103180238342913,♒️
106,10.890366026232808,9.852524053730109,♓
107,10.312079179216479,8.911516834384216,♓️
108,-6.272699852570024,-8.888669821161749,♠️
109,0.8059958730180429,0.49914624937072327,♣️
110,0.26001049151307387,-4.7576007338396415,♥️
111,-4.850171251777274,-8.963777902775497,♦️
112,13.19188845069615,2.9775553966948705,♨️
113,-15.978659215893622,-6.259612866106303,♻️
114,1.6156244544341878,6.098674727516042,♿
115,-10.500866084858112,-11.07569443466715,♿️
116,-12.727270818260227,13.486294591865255,⚒
117,2.983896917272995,12.082496965667902,⚓
118,-0.23124968365319046,5.981597066952893,⚓️
119,-11.078738451795454,9.949701994165494,⚔
120,-6.94995423662311,5.773784570336377,⚖
121,7.635833558205929,7.988840140768741,⚗
122,-4.8898773941577725,14.057872093902652,⚙
123,-6.890241739916191,4.925663623491682,⚛
124,-13.048149349571124,3.4912754351636983,⚠️
125,-2.8857888276071457,15.455720973329498,⚡
126,-2.971735350622903,15.450526826440676,⚡️
127,-13.531035563820014,-5.53770354792644,⚪
128,-18.59793845622257,-6.702778324406155,⚪️
129,-4.242376710312821,-4.668546871952359,⚫
130,-17.23514193763598,-8.317999562210396,⚫️
131,-15.730365677674495,-9.218555650952549,⚰
132,13.940849903203544,0.6944810443534999,⚱
133,-9.359639466547184,4.118562111982259,⚽
134,-7.465509019242762,-1.2104497627712614,⚽️
135,-2.337866733798993,0.7404861802548541,⚾
136,-7.101098912340322,2.553137271522204,⚾️
137,1.7950462725083924,-4.861886466555163,⛄
138,-0.4483278828904083,-7.618404422575282,⛄️
139,5.5560233144919,1.5209314197884374,⛅
140,5.171713067124364,1.464188010988403,⛅️
141,-13.468290667962355,-3.9679145105346882,⛈
142,11.508463811295103,8.305174593546553,⛎
143,-7.108908782400244,8.396060145297321,⛏
144,-22.75556502604642,5.977457530766376,⛑
145,6.985881731340747,2.6307065804025056,⛓
146,-10.19346438822423,-11.472200979955717,⛔
147,-10.998290541653697,12.988289028192392,⛔️
148,-11.568721343915055,1.7304961375584351,⛩
149,2.899569505874761,3.5071658444490126,⛪
150,14.512656939520841,1.2642041301440008,⛪️
151,6.835867299672781,3.275181733906822,⛰
152,5.810794593092788,-10.602342778427643,⛱
153,-3.706811970331134,8.573950757386559,⛲
154,13.772812865447833,-0.5981823718518411,⛲️
155,-15.490591737665975,-5.482381138099295,⛳
156,-8.857125149869757,-9.074919351807637,⛳️
157,1.606819714001606,12.852685716248045,⛴
158,-2.4340559814008396,12.938092818602033,⛵️
159,-7.496726162413891,13.414402334073518,⛷
160,-14.354306241158614,5.72532432502177,⛸
161,-10.778600553352458,12.535845247923906,⛹
162,0.3821032002395027,8.772278029438995,⛺
163,0.25389354978146816,8.734967362255883,⛺️
164,11.955488991374054,5.089263561974652,⛽
165,2.941389794098239,3.946210158186171,⛽️
166,1.1729562796273776,-4.591980930441382,✂️
167,-15.968913199278022,-6.957110289248215,✅
168,-6.1057000894960725,12.316212806684453,✈️
169,-12.53380058188432,14.336946264652683,✉️
170,-8.158931690010146,-12.090464748070678,✊
171,-13.123857466691328,-13.2013772460798,✊🏻
172,-16.296950267806285,-7.988603665736327,✊🏼
173,-0.3146749820151379,-14.125475233759577,✊🏽
174,-9.010813981906471,-17.05707316888181,✊🏾
175,-10.408860677732825,-9.76267495644157,✊🏿
176,-9.288908305716378,13.556504627903974,✋
177,-19.09474294517408,-11.109548085727289,✋🏻
178,-13.009453470047692,-16.08324708811877,✋🏼
179,-5.993198673758366,-14.634903182050447,✋🏽
180,-5.912713458828314,-14.403326604261071,✋🏾
181,-7.020995672058806,-14.289223674729257,✋🏿
182,-8.271518241982635,-3.823554421133494,✌️
183,-14.639234258810236,-9.215081083731619,✍
184,-5.6545986857250305,-8.790202984484305,✏️
185,-10.644132452336265,-2.389668556623228,✒️
186,-10.707658061425983,12.372753934429717,✔️
187,-5.228936531218393,11.894656347556765,✖️
188,-12.594019503889838,6.630346614055493,✝
189,-15.620308166831963,-2.7887920853790864,✡
190,8.18526605498341,6.908489881000198,✨
191,-13.653392631278253,7.622461394762193,✳️
192,-4.9788176730332365,-7.762988903210615,✴️
193,2.156746731215913,-1.3275994694189686,❄️
194,8.18165147631731,5.501563827900727,❇️
195,-6.036700319909068,13.263381760111802,❌
196,-13.853187589313212,11.048120744941773,❎
197,-13.96642829545285,-16.856509193390977,❓
198,-17.327048645100348,-12.454225005539204,❔
199,-13.798869152648274,-11.397833479411174,❕
200,-3.355987652120601,-6.175852359113258,❗
201,-13.0741900609887,-8.033704632320118,❗️
202,-16.342976857090157,-4.608216072653748,❣
203,0.8126710093217518,-8.098812735120307,❤️
204,-4.267655218726056,15.778158354566758,➕
205,-4.191747341663841,15.744970310018495,➖
206,-15.552248765294225,13.018347858740311,➗
207,-11.274229131026583,-3.0507625395565015,➡️
208,-1.2303941113652488,-0.19353372494710194,➰
209,-10.637312677460352,2.4140184097882953,➿
210,-16.82810160455493,10.790311644461436,⤴️
211,-12.549327782871968,-2.9394011198431955,⤵️
212,-18.35688235704125,-8.384278492548438,⬅️
213,-16.316492069223536,-6.150136585551087,⬆️
214,-16.734407289842437,-9.456005293721082,⬇️
215,-18.50506338470392,-7.996388756222013,⬛
216,-16.29571246707423,-11.55049625117927,⬛️
217,-14.714165556468714,-8.002464629070289,⬜
218,-16.683256972658093,-3.071747714234255,⬜️
219,6.689876721368502,0.30449926040708697,⭐
220,-6.569937992101704,5.154456543235244,⭐️
221,-12.694403568003805,-7.845981493552112,⭕
222,-10.23142961677488,-11.116059568241713,⭕️
223,0.38216936724923534,9.250423779480487,〰️
224,2.793528059095415,-0.05068760919704232,〽️
225,4.379829157362694,6.951639023331664,㊗️
226,-12.687577334511236,-11.561215477122559,㊙️
227,12.130945320998457,5.337963921403197,
228,5.5408804148896555,0.09362141828073584,🀄
229,-6.455777037874913,9.091584028929146,🀄️
230,6.9163829773389445,-6.187652083076989,🃏
231,14.259255227092867,-0.7748619482994816,🅰️
232,-2.228763636831513,-10.88830699251656,🅱️
233,-6.499883183851527,10.595787025304222,🅾️
234,-6.557216981647212,7.466370398707938,🅿️
235,-2.0306801429736243,12.002532469031841,🆎
236,-11.870292664865106,-12.922406114914269,🆑
237,-11.253287744865897,-1.1064355562447776,🆒
238,-8.181543556669173,3.098021945166337,🆓
239,-10.899728487884671,1.1770756452939415,🆔
240,-2.994673547094384,8.23312808439751,🆕
241,-0.4098681056124294,-11.562780365881714,🆖
242,-8.044147611264583,-12.502620302142024,🆗
243,0.43789395827540917,-1.0202905590748754,🆘
244,-12.75910903208856,4.794724233473755,🆙
245,-12.135321297006266,13.539060869346196,🆚
246,-19.032428000974647,1.1471945601680373,🇦🇨
247,-11.471035482889727,5.827702570916839,🇦🇩
248,-25.431186740110206,7.6818003488300235,🇦🇪
249,-13.789877438690468,3.7844821902507806,🇦🇫
250,-21.738122850055206,8.928261227878787,🇦🇬
251,-22.45823974697146,0.2582175495280126,🇦🇮
252,-16.588334957367824,1.7105001666943467,🇦🇱
253,-25.89113220091553,7.3147399094958585,🇦🇲
254,-9.861675750607537,1.594609951532117,🇦🇴
255,-15.978511443083868,6.196246383985613,🇦🇶
256,-25.277732496043974,5.835424548618906,🇦🇷
257,-12.452482091054227,3.0173784841110667,🇦🇸
258,-26.14105281767698,5.356972191850573,🇦🇹
259,-26.32063921377087,5.7939904733653735,🇦🇺
260,-21.080728719280415,0.05622204983000342,🇦🇼
261,-17.80475413836714,6.3456891495565095,🇦🇽
262,-26.036035653760422,2.330126993871491,🇦🇿
263,-21.41845324888321,9.053092964783264,🇧🇦
264,-15.720076889113058,4.877934654292804,🇧🇧
265,-22.7782518935126,1.3280359891175915,🇧🇩
266,-12.644761331088223,0.17034870451955317,🇧🇪
267,-21.921617658652146,3.6061849610012193,🇧🇫
268,-21.28942423497891,3.2843363385737088,🇧🇬
269,-26.167205217679253,5.3490211564227055,🇧🇭
270,-15.422009645831864,5.55261937050434,🇧🇮
271,-22.45676541334918,3.5122899716872586,🇧🇯
272,-24.82917374340839,9.060320083081312,🇧🇲
273,-24.559269146691577,3.2427552111427884,🇧🇳
274,-25.038639212401176,1.9488782773649085,🇧🇴
275,-22.25911179674647,5.2863431529140685,🇧🇶
276,-13.603023607348927,2.434506212106634,🇧🇷
277,-22.088222644355028,7.21543908467421,🇧🇸
278,-12.518765036465497,4.358379507336742,🇧🇹
279,-26.411641536815473,6.242153591909469,🇧🇻
280,-9.13317265855305,-8.382891342191169,🇧🇼
281,-17.584407333692937,4.73425107208169,🇧🇾
282,-14.70914353375107,4.953557934967331,🇧🇿
283,-24.238824812547076,5.728588730244139,🇨🇦
284,-25.694633289955146,3.5440486511695313,🇨🇨
285,-21.577351264031634,8.772147497408875,🇨🇩
286,-21.8954195601448,0.28832881362289664,🇨🇫
287,-15.061171774233733,5.482666050738818,🇨🇬
288,-12.398302531596308,4.104406774672561,🇨🇭
289,-24.329996292148298,7.310387679370639,🇨🇮
290,-26.890491327220246,5.4292411174273605,🇨🇰
291,-9.369292136320892,-11.399750580371865,🇨🇱
292,-23.936965303700454,1.846266939502043,🇨🇲
293,-26.494553232151578,5.008296884870424,🇨🇳
294,-23.089913976552555,7.129036907807485,🇨🇴
295,-25.863774207923857,6.057558667136274,🇨🇵
296,-20.458977576823823,1.8395234376063443,🇨🇷
297,-21.392313462457054,0.27420205714664875,🇨🇺
298,-24.26561892959033,6.204894342958997,🇨🇻
299,-14.024411154602099,2.0654516358223103,🇨🇼
300,-26.57825208738362,4.4856495969592105,🇨🇽
301,-23.7713405679959,2.2535909712392392,🇨🇾
302,-24.935293032815885,2.2521034053346556,🇨🇿
303,-23.03203545444126,2.778226457963733,🇩🇪
304,-24.833088049072806,2.365408139975464,🇩🇬
305,-23.53832687500331,1.2301249403849708,🇩🇯
306,-24.433516612043075,5.004942665536161,🇩🇰
307,-24.479080884684596,4.6751803245023345,🇩🇲
308,-21.065023229438566,3.6861300329518984,🇩🇴
309,-24.812941225316894,1.531789077470885,🇩🇿
310,-11.963342599759525,5.1413347055066705,🇪
311,-25.502234435760897,4.652730079144092,🇪🇨
312,-26.140137044293823,7.410465781881694,🇪🇪
313,-14.104403326897813,5.956842645358944,🇪🇬
314,-24.529593636250862,1.9196536183684232,🇪🇭
315,-23.76927220044216,3.919122224150807,🇪🇷
316,-14.513448350321044,3.027239352713139,🇪🇸
317,-11.723020524799008,5.128214019448133,🇪🇹
318,-10.53067393621046,-9.549936639560723,🇪🇺
319,-17.698393489675002,1.7555269671217013,🇫🇮
320,-22.699488672116033,3.311228958459473,🇫🇯
321,-17.620265456738434,4.882970684079187,🇫🇰
322,1.4994120416434809,-1.9522285644936213,🇫🇲
323,-17.74781335681285,3.5111296360084796,🇫🇴
324,-26.45499908425398,6.6564944909983765,🇫🇷
325,-21.899156595796097,8.907009749965816,🇬
326,-21.09189951839629,4.034949334047188,🇬🇦
327,-17.853712528307785,6.7782029529304895,🇬🇧
328,-24.340814312385085,2.1738074410961525,🇬🇩
329,-22.187793771703447,7.077149978333145,🇬🇪
330,-12.37704354117036,1.6697764118301603,🇬🇫
331,-9.08460174596471,-8.33578168581668,🇬🇬
332,-9.244355540433727,-10.69179262763414,🇬🇭
333,-22.40584784498359,1.4717491990197462,🇬🇮
334,-24.819391310215664,1.3810358373137148,🇬🇱
335,-20.685211430483307,7.504998825090984,🇬🇲
336,-24.768840473460685,2.256062019018729,🇬🇳
337,-21.73865676337803,3.677803376397392,🇬🇵
338,-22.863136824016678,2.5103603465649735,🇬🇶
339,-17.1930831170685,4.398506343042523,🇬🇷
340,-23.70908020373214,0.955385444418792,🇬🇹
341,-18.29853486978532,2.001396385977721,🇬🇺
342,-19.764670075792093,3.054313383973055,🇬🇼
343,-25.521657911844343,2.549472453887467,🇬🇾
344,-16.253757036196923,6.32552478033665,🇭🇰
345,-13.852498945532425,0.7769552752683256,🇭🇳
346,-24.906757723151348,3.371503212764868,🇭🇷
347,-22.69541892419106,6.995363977106251,🇭🇹
348,-21.590021641687187,7.908978981861853,🇭🇺
349,-14.68316064675501,-16.32343319052878,🇮
350,-26.140189300200454,6.116035281020655,🇮🇨
351,-22.317499332047912,2.170294842713923,🇮🇩
352,-21.417993723584477,5.01530579713324,🇮🇪
353,-25.182590091945354,8.314281821950184,🇮🇱
354,-9.113493301368376,-8.234730924702518,🇮🇲
355,-17.34247578166381,3.0002326522650504,🇮🇳
356,-9.300000018052803,5.380331319823366,🇮🇴
357,-10.772048091947763,-10.80914736904891,🇮🇶
358,-13.860292015939866,0.13453411242921978,🇮🇷
359,-25.44889262295928,3.2458433985699915,🇮🇸
360,-21.575530487744906,4.745162064079044,🇮🇹
361,-20.897314118570055,7.656973948574223,🇯
362,-22.75155145612727,6.09266430325809,🇯🇪
363,-22.90880187535669,4.159771683787264,🇯🇲
364,-26.666727256632484,5.590801126115603,🇯🇴
365,-16.214545342176613,6.342949590109113,🇯🇵
366,-18.55824532918,2.12359177832314,🇰🇪
367,-24.43849956399162,5.115187606112622,🇰🇬
368,-25.055517205639035,8.327018191258055,🇰🇭
369,-11.483330278010607,5.578328484280674,🇰🇮
370,-11.727093804696498,4.822471191319555,🇰🇲
371,-20.997155587820586,8.335461136776024,🇰🇳
372,-22.229762855382656,4.146347826844201,🇰🇵
373,-25.84150103971265,7.930622089338385,🇰🇷
374,-23.854574549371932,8.518458604004508,🇰🇼
375,-17.853153740621533,4.973456270737316,🇰🇾
376,-25.012277829027063,7.623608195770732,🇰🇿
377,-12.264266609759796,3.6135492577350936,🇱
378,-20.39238269112241,2.744997608798738,🇱🇦
379,-25.255842950201266,6.584156122072893,🇱🇧
380,-21.566220213224323,8.11347036772402,🇱🇨
381,-24.363354459403332,4.936030651427963,🇱🇮
382,-16.99541487731821,1.593711568227135,🇱🇰
383,-24.08636667902337,6.4815938844728676,🇱🇷
384,-19.84954119664638,3.67269111174815,🇱🇸
385,-26.034812175278816,7.7212022093445265,🇱🇹
386,-26.498930260062718,7.457168138366794,🇱🇺
387,-21.251386409830015,2.065461828079686,🇱🇻
388,-22.304238301120133,0.4078357925836529,🇱🇾
389,-25.42115988223563,4.620528778990315,🇲🇦
390,-10.5872274279234,-11.04081267223126,🇲🇨
391,-15.42201151125286,5.883556039071458,🇲🇩
392,-20.88806156444127,6.479033655671186,🇲🇪
393,-23.487232506530766,0.05462670575655355,🇲🇬
394,-17.220728578404668,3.8510120235676966,🇲🇭
395,-17.23554075371258,4.4941737294801705,🇲🇰
396,-23.338793287295122,-0.10238110789635911,🇲🇱
397,-20.708678036922652,8.113102349530498,🇲🇲
398,-13.354356037253192,1.8423685097543352,🇲🇳
399,-25.841095317545395,7.218974032247651,🇲🇴
400,-21.342398526476526,0.3965133280034518,🇲🇵
401,-27.049622358878675,7.832037014791034,🇲🇶
402,-13.577556685625783,1.0007288529616594,🇲🇷
403,-24.458930452173856,7.602441967154082,🇲🇸
404,-25.142540762125197,3.435406287465992,🇲🇹
405,-24.18480102602346,5.250218760528705,🇲🇺
406,-11.98293120288193,2.6942567276235376,🇲🇻
407,-19.683624511947887,-2.173194936263663,🇲🇼
408,-27.111486902800248,6.144848765965696,🇲🇽
409,-9.357151282140116,5.341849761887687,🇲🇾
410,-12.016185052304888,2.686615244112905,🇲🇿
411,-21.811574310762605,8.516253449352554,🇳
412,-21.128243971325983,1.5785920149982506,🇳🇦
413,-20.3827057415868,4.337635358190533,🇳🇨
414,-13.41617057526694,4.612090419384015,🇳🇪
415,-20.49989179756294,1.604903966790065,🇳🇫
416,-24.646372596700957,2.990688199405167,🇳🇬
417,-19.79750400556186,7.562278728310283,🇳🇮
418,-9.347163021279897,6.865980583136312,🇳🇱
419,-20.85530649582516,1.0480920495113146,🇳🇴
420,-24.63502941613903,4.8882015879462895,🇳🇵
421,-8.859714303661793,-9.095956651961489,🇳🇷
422,-16.538571893241038,6.072728358253831,🇳🇺
423,-21.33794141627386,4.659376984566863,🇳🇿
424,-21.897936053203807,8.57493867214883,🇴
425,-14.118125705249366,6.046888709216935,🇴🇲
426,-20.41541602532402,2.86221029900098,🇵
427,-17.74593334752902,2.1266821692535145,🇵🇦
428,-22.5826675539079,1.5606130246230017,🇵🇪
429,-24.76688470435409,3.933102081456057,🇵🇫
430,-25.48846582403159,6.752049106962641,🇵🇬
431,-22.214868133505945,3.4811786569573724,🇵🇭
432,-19.042953738791006,0.9657870121248134,🇵🇰
433,-18.673561734637598,1.7046305285074157,🇵🇱
434,-21.4355261270106,5.899875150688923,🇵🇳
435,-25.676712178010405,7.749144883148508,🇵🇷
436,-21.148763558253265,8.986436029931543,🇵🇸
437,-25.386414873226418,2.779025037600639,🇵🇹
438,-20.047997486790234,3.5530076821385457,🇵🇼
439,-23.949397634137576,6.636441851910095,🇵🇾
440,-21.839702221702638,0.5121723040308791,🇶
441,-21.125556991142428,7.710468781347243,🇶🇦
442,-18.294600438335245,6.355051223000441,🇷🇪
443,-25.05702774437314,8.732641548999096,🇷🇴
444,-11.313656428560218,5.876108705284496,🇷🇸
445,-24.386776919564472,1.8427503060307653,🇷🇺
446,-7.4226036022613355,0.4373195693231764,🇷🇼
447,-8.812541279184279,1.3629418180855157,🇸
448,-23.466103804293855,3.363778085704112,🇸🇦
449,-26.039730030704508,8.031357734304496,🇸🇧
450,-22.664548617177562,7.208212270314637,🇸🇨
451,-11.064253447888944,-8.005415795354637,🇸🇩
452,-23.090520466827844,7.445669655963994,🇸🇪
453,-26.214923664305818,6.555869514091963,🇸🇬
454,-9.301088393741525,-9.561639408652452,🇸🇮
455,-18.28870022800248,5.701278917155794,🇸🇰
456,-13.026037982418917,1.8071477475304227,🇸🇱
457,-22.117248741088705,6.7612726249768915,🇸🇲
458,-24.527096938407634,7.024045250293771,🇸🇳
459,-16.932374928698724,4.948890944258256,🇸🇴
460,-25.16342050545816,8.598020337879142,🇸🇷
461,-25.137102660368335,5.300342220795096,🇸🇸
462,-21.416822740946834,8.406472130945248,🇸🇹
463,-24.669305635252726,7.10067270943651,🇸🇻
464,-17.070792051288226,3.5374433999395425,🇸🇽
465,-23.762795427238323,4.06133818833163,🇸🇾
466,-23.496467277674764,4.401342487040082,🇸🇿
467,-22.337818488834802,5.1665990728177515,🇹🇦
468,-21.933781757195458,8.956717302235623,🇹🇨
469,-17.98824819491157,6.304290424956702,🇹🇩
470,-26.83660811102118,3.9433725112410545,🇹🇫
471,-23.29485467447633,1.3939783963553396,🇹🇬
472,-19.993170096225356,4.369473096216093,🇹🇭
473,-22.126624747696475,2.4841123245937675,🇹🇯
474,13.66130809783616,2.4310264544795075,🇹🇰
475,-21.473714404574583,8.746381282187732,🇹🇱
476,-24.125737069293375,5.680456605290758,🇹🇲
477,-25.188881448798412,7.3344554008293965,🇹🇳
478,-12.625691189120595,0.5623498204454648,🇹🇴
479,-13.077079096065896,3.0846445316952984,🇹🇷
480,-13.94057775013052,5.5854305625112115,🇹🇹
481,-24.88576301691053,7.5711244756205955,🇹🇻
482,-25.26284175428348,3.317310877480995,🇹🇼
483,-22.188010315583874,9.43874232308971,🇹🇿
484,-16.01440707236908,6.34840160369335,🇺
485,-13.581053296105038,2.929839338094789,🇺🇦
486,-13.104853490124812,6.195354197797447,🇺🇬
487,-16.971960272023544,3.0204023078879447,🇺🇸
488,-13.491363535025814,1.9192817296446332,🇺🇾
489,-22.912316349094258,9.503898329657833,🇺🇿
490,-21.99096023762519,8.713807648846034,🇻
491,-12.51774030557895,5.428100165524097,🇻🇦
492,-21.532679886048385,8.87244354196698,🇻🇨
493,-24.23607830087284,6.457171204597938,🇻🇪
494,-21.436550513199816,5.49267860670956,🇻🇬
495,-22.026887949432815,2.609973813426835,🇻🇮
496,-23.791981518025946,7.819358327088685,🇻🇳
497,-23.2427424086824,4.681014020837183,🇻🇺
498,-21.894462666197413,8.755295184800735,🇼
499,-27.911448076443907,6.386483579771234,🇼🇸
500,-21.329735919233478,8.720381878789834,🇽
501,-10.024989092223391,-10.751359672086416,🇽🇰
502,-18.45733391734041,5.531379104545675,🇾🇪
503,-24.372108937971188,4.097677027923735,🇾🇹
504,-22.38318052537704,8.748827926579024,🇿
505,-23.067168118347272,2.5769003471970797,🇿🇦
506,-24.311004356113123,6.706119408707631,🇿🇲
507,-12.323074136337326,3.8201578772274187,🇿🇼
508,-1.5826373584450488,-0.1616249592769103,🈁
509,7.09789714648661,7.9531402395044335,🈂️
510,1.9190726754172147,-0.40458859263750574,🈚
511,-4.1066024782776145,-11.665209624338342,🈯
512,8.909797889588768,-6.446378026178911,🈲
513,-4.49553883882949,12.611424223196373,🈳
514,-4.613504978141221,16.12548467394328,🈴
515,10.667480227835235,-6.186431821541456,🈵
516,-2.4651628569272446,-7.50331238044891,🈶
517,-14.956940851852792,12.45306906290529,🈷️
518,-0.5280624509631574,-3.9459980739939975,🈸
519,-1.1886561709672934,-1.5672339323666857,🈹
520,-9.820216071582594,13.869689721200293,🈺
521,-2.6990891326080098,1.8559813867242418,🉐
522,4.327345457558631,7.9312844914493414,🉑
523,-3.076032712929943,8.236791154565081,🌀
524,-0.7112769282449857,10.622870201448482,🌁
525,3.2861840081022478,-0.4790368962310465,🌂
526,-2.335494463360386,7.010231262500732,🌃
527,6.003105771283888,2.1849097634604218,🌄
528,8.18918997948804,2.5047696909115635,🌅
529,-1.2985762205163078,5.950768027469251,🌆
530,-1.9936226170384586,6.86270278867116,🌇
531,4.541192844710101,-1.0515323279712931,🌈
532,-3.4765754030691682,9.303590918574612,🌉
533,5.88799482209584,11.723706200465625,🌊
534,9.787652281976753,2.2645676186302377,🌋
535,-4.830168415251968,6.056244272967582,🌌
536,-5.788927286479172,5.389212430530185,🌍
537,-7.179294177592798,11.160989732625326,🌎
538,-5.508888080538436,5.47536922654163,🌏
539,-7.764059659967322,7.22861426382586,🌐
540,11.090436248014024,5.550329973285006,🌑
541,11.411296393159754,6.236197467101045,🌒
542,8.110630303471469,2.2967408084090923,🌓
543,10.927852856790176,6.40862207756505,🌔
544,4.786087726267377,2.336282530799408,🌕
545,10.869655403958793,6.345579782634666,🌖
546,8.261530988799837,2.358584943868719,🌗
547,11.16788924961746,6.382336674552904,🌘
548,12.086179377190339,4.313228695098709,🌙
549,13.253314580788512,-2.238293505902262,🌚
550,12.311801963288186,-2.7229077652439564,🌛
551,12.231511283541014,-2.9142008346080375,🌜
552,12.381078668166671,-2.8169746572493732,🌝
553,7.072253136611415,-3.7163941321512923,🌞
554,2.3033519975152204,-2.165042600650616,🌟
555,-4.302655788046233,9.628262179230148,🌠
556,9.892647004945532,2.9841344138556556,🌡
557,-14.608627873389793,-6.370081180630419,🌤
558,-13.166708568382287,-8.149825420040898,🌥
559,-16.390818053215035,-6.856661724597493,🌦
560,-11.741959549931908,-10.15252792412527,🌧
561,-13.440715262489126,-4.748013602182768,🌨
562,-15.53837261462219,-6.662004499228902,🌩
563,-12.863350301451764,13.341992894236265,🌪
564,6.7034658326267955,3.6587210472172704,🌫
565,-11.797342525760115,-13.463407002963638,🌬
566,7.908714422411903,-9.746392218319682,🌭
567,12.820563238185024,1.8832276899934746,🌮
568,1.5746619122277712,-1.8830447482658061,🌯
569,2.4750166343028863,-6.529773898548449,🌰
570,2.254358502997384,0.5863268095396911,🌱
571,6.037206945306571,0.4179621291242348,🌲
572,0.3867668209898033,-5.737124909075989,🌳
573,2.6772999436947797,-0.5406978619619344,🌴
574,11.165944813638898,-5.606404753540525,🌵
575,5.377311124059847,-10.068861586248612,🌶
576,8.106774897138362,-0.8643814571911406,🌷
577,10.15795678986295,-1.867479713740963,🌸
578,1.8601383190515486,-7.241086631800108,🌹
579,3.917124310182428,-9.61612456143402,🌺
580,2.270311920854605,-7.589172654804153,🌻
581,-0.6910623746607544,-7.744298127092818,🌼
582,15.797116366288758,-0.47600197506649095,🌽
583,13.877653786795728,-0.46763526831844315,🌾
584,8.778175396493863,2.119812666037227,🌿
585,7.629480393392392,-2.1102371735115066,🍀
586,1.8970462983821998,-6.46229547407024,🍁
587,9.34649043190506,-1.8152437693775434,🍂
588,-0.7796718872074301,-5.142785820531274,🍃
589,10.41880688943603,1.1175631353810263,🍄
590,15.64102799231651,0.936441290359361,🍅
591,15.703375418062093,-1.301861226748801,🍆
592,11.16369900426944,0.8267511153149953,🍇
593,11.95478953124685,8.328001211301146,🍈
594,8.381245367392266,0.3368771558516833,🍉
595,12.218484055750032,2.149843263949957,🍊
596,15.82353828164447,1.1575798347391548,🍋
597,10.863088900843042,1.8944697452355936,🍌
598,8.638276010481475,0.33670210234360337,🍍
599,7.094394669302845,1.0618889393510016,🍎
600,8.498703656844798,7.102474839706863,🍏
601,10.393118258655184,0.3502049334329018,🍐
602,13.707058141653407,0.8126368409449162,🍑
603,12.65632597949324,-5.517141282452583,🍒
604,14.046844306235887,0.07983387384917831,🍓
605,12.822500812639648,-5.780842324483034,🍔
606,7.55571583890088,0.9476354399620396,🍕
607,13.493258364738479,-5.257853136576349,🍖
608,8.815188085449492,-2.938967063750905,🍗
609,12.574557885447486,2.8727790918661578,🍘
610,10.536374107228108,0.9840716902426161,🍙
611,10.0416734735411,-1.9051900638909696,🍚
612,9.380346791800882,-1.8001924011736132,🍛
613,13.472710257311181,-0.0530774751992772,🍜
614,12.830679661144112,1.8785115970751531,🍝
615,15.767512448051894,1.4942426503601045,🍞
616,13.256353690517905,2.275394970210709,🍟
617,15.039921881272766,1.332586504843597,🍠
618,6.930347171373406,-1.6231230558081258,🍡
619,13.570903337996421,2.897550600761427,🍢
620,10.521355380679406,7.708210211521711,🍣
621,10.489104478257545,2.1303038509435543,🍤
622,12.904531081929163,-0.7115086150321464,🍥
623,12.80440296046244,0.7663775516498765,🍦
624,14.892047653658134,0.7003861798601074,🍧
625,15.341178674430074,-0.009249434122719792,🍨
626,7.244604717703419,2.1813428877529164,🍩
627,15.844063296840432,1.3553426723124935,🍪
628,7.828978898489594,0.5580059580760411,🍫
629,12.399394955446882,0.48712145771787874,🍬
630,14.507497885352654,1.2832215123126407,🍭
631,10.26201383980162,-1.9844593605609329,🍮
632,12.850403725480252,-5.858276969268882,🍯
633,7.0635229903254935,-9.151422204348284,🍰
634,11.891013109956054,-0.5551279857409744,🍱
635,3.3149834231652493,-4.265038458214052,🍲
636,11.560239137817234,4.194843633658394,🍳
637,10.211819117968336,2.5304143410373525,🍴
638,11.977715247386778,0.9483800659155247,🍵
639,14.312179043121992,0.29760307389752555,🍶
640,14.53986275630832,1.9745926351149612,🍷
641,14.342825724131892,2.7633253546774452,🍸
642,10.991966383435539,-1.0405141560175573,🍹
643,13.280842351221448,2.7494132199161374,🍺
644,4.405002915220395,-3.2286449890577678,🍻
645,3.822033322470061,-6.100580125973298,🍼
646,-8.787521675234341,9.785717325740688,🍽
647,8.666360406412593,-0.6161153862701907,🍾
648,11.795193396017291,-6.184493002178303,🍿
649,3.6091921966327845,-2.142422832626881,🎀
650,-3.665814048391266,0.7986408125019261,🎁
651,7.765313550662943,-0.20924716167919247,🎂
652,14.073063013555492,-2.4085804771189436,🎃
653,-1.1059555921131552,-3.1402097046749415,🎄
654,-2.484916788755386,-7.129505914407616,🎅
655,-7.251681897536147,8.863197599668249,🎅🏻
656,-15.5198134540392,-11.89801537287102,🎅🏼
657,-9.07882505584852,-14.31590761419363,🎅🏽
658,-14.55186995358294,-7.426780276690764,🎅🏾
659,-7.463163896675202,8.940934051364803,🎅🏿
660,5.958916560500826,-1.6467530914948305,🎆
661,1.4674472766285103,-13.607378766612184,🎇
662,3.700336234547592,-1.450093158528367,🎈
663,2.2007306842652063,-1.5451877471780484,🎉
664,3.8708272091533056,0.25765182119416385,🎊
665,4.298693728516394,0.42291816114201153,🎋
666,-23.32477942202921,5.715016811313588,🎌
667,3.7772752609124933,-2.7257629384190403,🎍
668,4.417536102131052,-2.037067225312373,🎎
669,2.6091801842999565,-4.575617555115919,🎏
670,10.688448042401603,3.986025997463581,🎐
671,13.095697600893232,-0.3714712565992443,🎑
672,1.162747752333952,-0.08177776170641868,🎒
673,-1.5349218454574818,-2.0830575741386945,🎓
674,-8.02461502792876,8.393060004791215,🎖
675,-13.429760256647466,-7.63195811193924,🎗
676,1.4784453088346565,6.733428179068405,🎙
677,-10.391704033927395,14.379970810565995,🎚
678,-5.592793203443028,11.43224715204142,🎛
679,-6.7124637657999795,9.336733795237702,🎞
680,-6.664278764547068,11.22704475304632,🎟
681,0.3565409199172775,1.520668780708612,🎠
682,-1.8273559450145214,12.388719821541747,🎡
683,-0.8833347210165241,2.3607326328514535,🎢
684,6.426642263729296,5.675003504361295,🎣
685,1.506536311332508,6.465422268614703,🎤
686,2.9757990134876566,9.957126165543997,🎥
687,-7.863240869036408,7.917090889626766,🎦
688,5.069444554339447,-3.931026125631741,🎧
689,4.100124244942442,-0.4841311044819072,🎨
690,2.9117038164686933,-2.446205608230635,🎩
691,1.1929849405141626,-0.34544453246263174,🎪
692,0.1364120829177237,0.5979719614172111,🎫
693,3.506458064598814,2.61081010641782,🎬
694,12.034065053579798,-0.9490887647113772,🎭
695,-1.5407349910244486,13.351638173790944,🎮
696,-7.66629807330795,13.271661221778603,🎯
697,1.0983168293211552,1.2022783381464164,🎰
698,-4.3699335398538475,4.932138581659294,🎱
699,-6.54642419010809,15.271206664538559,🎲
700,-5.301367378012462,11.105926043123056,🎳
701,1.852067318753819,1.0423972398998684,🎴
702,14.420205796376603,-2.770836492829029,🎵
703,14.511596114962154,-2.9912307660329778,🎶
704,11.143429070375817,8.900022309260985,🎷
705,13.64623582297907,5.167422253917127,🎸
706,12.027610478876788,5.457631920790966,🎹
707,5.540355312121048,-0.56927751462358,🎺
708,11.939344110323054,5.62523284590485,🎻
709,4.242585441860797,0.46762451763622215,🎼
710,-0.5778552825834784,-2.561318558899462,🎽
711,-6.893744403142568,2.60758657211172,🎾
712,0.932192415740888,-3.7612299198171617,🎿
713,-0.3563642543238989,2.0511458439792154,🏀
714,-2.034322848734882,-2.871201721725359,🏁
715,0.9969355708083699,2.9146734006101553,🏂
716,-1.1730229087958703,3.1200835066234323,🏃
717,0.8966099284812901,-2.2993716496999785,🏃🏻
718,-10.308508681671222,-13.50007298868992,🏃🏼
719,-7.234252847243951,-11.083824769439339,🏃🏽
720,-5.89191369977941,-5.5452395671085934,🏃🏾
721,-11.247518153196477,-9.808444090993937,🏃🏿
722,1.2106980608498987,2.687859297503351,🏄
723,-14.81522135114902,-8.164011939025059,🏄🏻
724,-9.779605962049061,6.462491399648811,🏄🏼
725,-9.604164031368798,-2.4158514627737833,🏄🏽
726,-16.81165827501977,-14.026751356846688,🏄🏾
727,-14.310734401948688,-8.56610508714991,🏄🏿
728,-11.540176622082258,12.054751848227307,🏅
729,-6.630299718982906,7.967850175722252,🏆
730,-13.356206422168029,10.078661089231415,🏇
731,-3.105834570162093,-9.518769118841302,🏇🏻
732,-3.3243396315509726,-15.097900344224334,🏇🏼
733,-10.584974020956874,-13.432942067737393,🏇🏽
734,-13.951566697274416,-9.681352546193944,🏇🏾
735,-5.936313632377242,-5.6220343294623945,🏇🏿
736,-1.4652065259584297,-2.6770868964053998,🏈
737,-7.609613604251871,8.552784452605428,🏉
738,-5.686035739458862,7.875968582751889,🏊
739,-12.462741991017651,-8.99570691200706,🏊🏻
740,-14.187571410954487,-4.255759573574897,🏊🏼
741,6.995619197292142,5.543951612912639,🏊🏽
742,-13.930218059361446,-8.555609895223961,🏊🏾
743,-7.909675146691324,6.077174546218675,🏊🏿
744,4.2499600062259395,4.233533509161883,🏋
745,-12.252242231862255,9.780840737113854,🏌
746,-1.050557551183109,14.26691764934492,🏍
747,-10.455193073160109,11.936842351282756,🏎
748,-9.835783292063894,10.34350606140429,🏏
749,3.193602507603365,-0.7434601795804786,🏐
750,-10.311887566941627,3.7876131319485715,🏑
751,-6.503598897049593,8.640351601085301,🏒
752,8.589771200728359,-2.893709292030342,🏓
753,-6.2346375664504015,-2.303059093313418,🏔
754,1.4940317550491804,11.64020680015478,🏕
755,-10.499243839472168,-2.3427863424305375,🏖
756,-0.41461457584576167,11.362160504016643,🏗
757,-5.603135934202468,11.191655340319485,🏘
758,-3.6062202708735738,15.535694596348401,🏙
759,-7.092332897474731,12.986020611815569,🏚
760,-8.245332101308387,10.898990197965913,🏛
761,1.3859006084428156,-7.954799357624358,🏜
762,0.5256804100123651,-6.134512498402796,🏝
763,13.31029941677484,4.081127586271364,🏞
764,-4.600072994017293,14.41815538829131,🏟
765,-6.618586054340884,8.380685325215415,🏠
766,-4.574004578689042,7.500384281901699,🏡
767,-6.268956554766152,12.780700615904975,🏢
768,-6.988029685308866,9.490938783782942,🏣
769,-13.513955156033225,10.885329171360313,🏤
770,-10.509921407037263,13.571435328273026,🏥
771,-4.175872567784362,11.496517715892958,🏦
772,-2.6264948959200347,3.027214410288767,🏧
773,-4.08545821412542,10.509406725386631,🏨
774,-0.44036795281399943,-1.6642147496663393,🏩
775,-4.2264354157441355,10.716683100742596,🏪
776,-2.989712976321334,7.510732667063053,🏫
777,-3.1881347968450724,4.422122830682825,🏬
778,-0.6828896192842495,10.9845747821111,🏭
779,9.332769657809084,0.25626654255489056,🏮
780,3.6222794966853176,1.203262709966249,🏯
781,4.239721112463228,1.3474940123340111,🏰
782,-21.47090890096699,-3.7220432465244175,🏳
783,-21.175337118659826,-4.227429542804749,🏴
784,8.118883894028718,5.696823692298118,🏵
785,9.031359000333184,-7.352569887967382,🏷
786,-11.721956339821165,-2.769209290835434,🏸
787,-11.134267401749323,-3.3030934025109104,🏹
788,11.695962595715894,1.9016575725549998,🏺
789,6.923825693755758,-6.233987703582016,🐀
790,3.5785773223065105,-13.39172519506174,🐁
791,-1.993779639569989,-9.256237678838634,🐂
792,14.163340032445978,-0.09501590259912836,🐃
793,12.970234815382033,1.2896216995907588,🐄
794,2.492745077416089,-5.569802092286349,🐅
795,3.03396505150454,-1.5609298914244563,🐆
796,3.2057486254324985,-6.544696369705748,🐇
797,10.374934220412698,-4.666411694742043,🐈
798,4.218102410671978,0.3196765798588357,🐉
799,7.525254807627024,5.315327950980007,🐊
800,11.96611674143958,1.9541849802932716,🐋
801,10.689411754730598,-6.613436717494399,🐌
802,11.333054491076606,-7.533411201219456,🐍
803,0.14614023963491302,3.7562640326861776,🐎
804,1.4464858012913773,-0.9853342586708423,🐏
805,9.459078460774098,-7.474069422520939,🐐
806,3.3362741796677544,-5.709549662078292,🐑
807,15.032105271746389,-0.3516972192804997,🐒
808,9.931672219160419,-5.760605152999522,🐓
809,11.274706646182041,1.190787617869268,🐔
810,1.1825213397674947,-9.883839071043523,🐕
811,6.5672879053338775,-11.306709176448093,🐖
812,7.15911242701917,-9.895914292159024,🐗
813,10.594269030058946,-7.5052773071166685,🐘
814,8.124504222454275,8.212514083807926,🐙
815,3.233897325880438,8.46327059543199,🐚
816,12.027416244000909,-3.691375029643571,🐛
817,3.279781061049595,-3.293547734525724,🐜
818,11.766437895695574,-8.289991023565769,🐝
819,2.631377866549597,-9.178657028523022,🐞
820,10.956928846974371,1.773452669601811,🐟
821,10.300794860825029,2.303012027554434,🐠
822,10.195828939578835,8.91942491940814,🐡
823,0.6499524209314851,-4.2030623710126305,🐢
824,-0.8931688631030559,-12.798767886039213,🐣
825,-1.164261365085681,-13.415153749826414,🐤
826,-0.700019679116688,-10.219148351257711,🐥
827,11.339622442675346,-7.068311422961227,🐦
828,1.8182705110390995,-12.441436898577148,🐧
829,-5.422609525610422,-9.774536715764787,🐨
830,4.81084562743277,5.06196899750212,🐩
831,2.6921129682620215,-1.7425251749385522,🐪
832,2.530278908651346,-2.4290014136492593,🐫
833,8.792102913515917,-7.410979982179656,🐬
834,3.6040302111836144,-11.741063184092607,🐭
835,4.1926069809037765,-12.552884170001414,🐮
836,1.6642370737262748,-13.427347236270041,🐯
837,5.570455325710688,-10.614439216339894,🐰
838,-0.0464708189243421,-4.71699061572621,🐱
839,7.817517272350506,-3.2817082599935468,🐲
840,8.828533497267335,-7.350056430577883,🐳
841,13.471934280719434,-3.9666777587235265,🐴
842,0.7860065609541502,-14.447458797478209,🐵
843,4.065574672668142,-12.727036455673579,🐶
844,4.5097367713921415,-11.942343265979337,🐷
845,4.440609493044255,-12.547789851812885,🐸
846,3.021497829311318,-10.15769834297429,🐹
847,11.123655470215029,-7.43641074800056,🐺
848,-1.3545003218701197,-13.948256014258606,🐻
849,2.062890664146633,-8.723842993493133,🐼
850,7.3476715028706945,-9.840929672066247,🐽
851,2.4061666131576294,-5.249741073131816,🐾
852,0.9138213075051849,-11.099239255494092,🐿
853,1.7583425096744185,-3.7862119737826174,👀
854,1.4714474732070821,6.733428824239475,👁
855,-0.6194336102324295,-1.5551486007775213,👁‍🗨
856,14.449423061730311,-1.5993462524003568,👂
857,-1.3134367492643442,-15.07448908037288,👂🏻
858,-7.378009364973386,-16.130728304081003,👂🏼
859,5.599442880338852,-10.917763838870616,👂🏽
860,0.8326207058054569,-15.187566113573023,👂🏾
861,1.419653511259718,-15.181618403978204,👂🏿
862,4.2210994474927785,-14.620010363424212,👃
863,-15.028957225281948,-14.28851714241704,👃🏻
864,-12.077464055497119,-13.599947964246743,👃🏼
865,4.270665697593457,-11.304699753459596,👃🏽
866,-15.258197625684158,-15.230855765080971,👃🏾
867,-14.749652534977498,-14.38844310742001,👃🏿
868,4.971509671637042,-10.987786590322326,👄
869,3.427114901230536,-10.772614269705759,👅
870,-14.777973186993776,-11.941280289895676,👆
871,-10.210334477707676,-14.1519290232345,👆🏻
872,-16.472314339467673,-7.431738608623628,👆🏼
873,-7.52244752340233,-14.614597797093241,👆🏽
874,-16.816402833708416,-11.45502551987887,👆🏾
875,-1.275200094298813,-13.564802336765064,👆🏿
876,-17.553131912902085,-5.354309266331021,👇
877,-16.70486889974585,-9.456799978668759,👇🏻
878,-16.783157889778668,-8.25962903673556,👇🏼
879,-12.82432300696114,4.9588996685834585,👇🏽
880,-16.991841164735376,-8.201882259698543,👇🏾
881,-17.15338441206297,-7.165462460333287,👇🏿
882,-15.72049416116397,-9.674662931765877,👈
883,-9.373390597201007,-13.647306614614026,👈🏻
884,-16.406059382453538,-8.846741137857753,👈🏼
885,-7.098203366640094,-14.789967238177823,👈🏽
886,-18.25438913756488,-11.848060884839485,👈🏾
887,-15.980843739592741,-11.7725081357578,👈🏿
888,-17.62427612586829,-4.505047089390893,👉
889,-19.74251979323808,-6.897770254241519,👉🏻
890,-16.998805657611747,-7.305313916066201,👉🏼
891,-16.354775128185032,-13.993737747031567,👉🏽
892,-14.134961152259027,11.030884342904429,👉🏾
893,5.551897310551503,-10.665430169320777,👉🏿
894,-2.8296402682414796,-2.888539333913047,👊
895,-13.273856926056943,-11.91653569393708,👊🏻
896,-16.492130098794615,-10.924627945618134,👊🏼
897,-12.460450745896969,-12.1706335431254,👊🏽
898,-11.435627706326994,2.4728253460508087,👊🏾
899,-13.319207922117103,-11.686913717908494,👊🏿
900,-3.60421510985268,-1.3236438245193445,👋
901,-12.747373889268605,-17.00217153958745,👋🏻
902,-12.637868090970935,-17.521122920782325,👋🏼
903,-8.387294917998304,-17.36135975367819,👋🏽
904,-13.340659174268733,-12.189332652979813,👋🏾
905,-13.33197703377067,-12.202156457026483,👋🏿
906,6.179285129640817,-1.8632495686583799,👌
907,-13.114360612038693,-14.612133606395938,👌🏻
908,-19.273204161860516,-7.7593504304511915,👌🏼
909,-8.168924556859036,-17.50220366911643,👌🏽
910,-9.54490681601532,-16.65023364802508,👌🏾
911,-13.952022001418525,-15.673580312524857,👌🏿
912,-0.6175211990787588,0.87351196553252,👍
913,-17.329170736027375,-8.77116155401515,👍🏻
914,-9.945258885190539,-11.156335535025029,👍🏼
915,-12.425799407214363,-12.233374421370257,👍🏽
916,-16.83498195756584,-12.042951634036141,👍🏾
917,-17.893181548739005,-7.741004026366922,👍🏿
918,1.2488244424445196,-2.292480557028047,👎
919,0.84910155764091,-0.8477011109817636,👎🏻
920,-16.96028196813547,-8.181046074052455,👎🏼
921,-9.821866272956758,-16.87661108192139,👎🏽
922,-16.90052688859123,-8.46586802501447,👎🏾
923,-13.51541350983499,-11.473376250613398,👎🏿
924,-3.8466794544288336,-11.217205513563988,👏
925,-6.42740520517042,-15.747684424579635,👏🏻
926,1.428303734143579,-2.1089804284181897,👏🏼
927,-2.4641748437483333,-15.935872740050161,👏🏽
928,-10.047059477838676,-11.43609752251773,👏🏾
929,-9.819371785955548,-17.134215471735722,👏🏿
930,-8.833992815787747,-15.914939429336531,👐
931,-18.064021344141782,-8.39932294798288,👐🏻
932,13.921467687338934,1.7618386924217808,👐🏼
933,-14.116626884616945,-14.712212890658664,👐🏽
934,-14.9629725971165,-12.430260140101392,👐🏾
935,-4.210280277287125,-16.891453922449326,👐🏿
936,-6.008099674876526,5.164305551236668,👑
937,-0.11997397310253703,-9.081231294536703,👒
938,6.4938607243255,-4.886847764105929,👓
939,-11.648674054016283,-16.188859793721264,👔
940,1.0562492316768013,-12.969111383624556,👕
941,3.1803412064648273,-1.7043802947213733,👖
942,-10.183891652546343,-8.95667623452627,👗
943,-4.6514544809820695,-2.187092223747064,👘
944,3.722587009698554,6.3827291020780486,👙
945,-0.23656195352171078,-2.4672303944626686,👚
946,0.17419153908838758,-0.2846106513048139,👛
947,-6.677801896402594,14.803234864713996,👜
948,4.9249566309276025,-5.856564243874407,👝
949,-6.536489633661726,14.424010060060569,👞
950,-0.271659293226472,7.748802418140071,👟
951,2.9007243407577805,0.9218002943221181,👠
952,4.700081998620393,8.337118944930532,👡
953,0.8599166350971588,0.47118888603786346,👢
954,5.756390082361924,-4.898002167403367,👣
955,0.319911604186816,-2.7540659717902516,👤
956,1.1981074010072468,-1.260459462927811,👥
957,14.11298571603721,-1.1867611132846287,👦
958,-12.664462353594843,3.54290657739022,👦🏻
959,-16.24097022971868,-14.57643017922663,👦🏼
960,3.8772871671736344,-8.889102537090585,👦🏽
961,-0.12583922834943478,-14.182333983464675,👦🏾
962,-18.445580655995478,-11.118893800654,👦🏿
963,-13.42057242527903,-13.5960939843078,👧
964,-9.474433599222362,-15.203955906416175,👧🏻
965,-13.912377460169523,-9.85883728381911,👧🏼
966,0.06500096438566914,-13.994242022900888,👧🏽
967,-2.7049918459672555,-14.818771492926208,👧🏾
968,-10.359212201824121,-12.369291378411564,👧🏿
969,-13.291564521619643,-13.524713762761424,👨
970,-14.754311859442272,-10.184868337418548,👨‍❤️‍👨
971,-9.370833038056857,-17.29450904170737,👨‍❤️‍💋‍👨
972,13.599210797587185,2.592262959778617,👨‍👨‍👦
973,-16.289282800324123,-10.317015352246315,👨‍👨‍👦‍👦
974,-17.582833246277723,-12.113434422483465,👨‍👨‍👧
975,-16.60376506045907,-6.420833076956768,👨‍👨‍👧‍👦
976,-16.541134921092343,-6.413825948299623,👨‍👨‍👧‍👧
977,-16.270863440792553,-8.633903133129113,👨‍👩‍👦‍👦
978,-19.596447671109875,-9.128182612207421,👨‍👩‍👧
979,-16.580587773325295,-6.405746682786452,👨‍👩‍👧‍👦
980,1.2847356308139648,-1.5020485162092672,👨‍👩‍👧‍👧
981,-10.282790027785026,-14.243482337835832,👨🏻
982,-16.067761616308218,-13.673700771838234,👨🏼
983,-7.954923733039641,-15.228169204914934,👨🏽
984,-15.07650415659299,-14.013539801708673,👨🏾
985,-6.784838184719322,-14.570373524553007,👨🏿
986,0.3136340848304129,-6.447255286432569,👩
987,-17.92797331994119,-12.108582795018815,👩‍❤️‍👩
988,-16.24096843624842,-13.060805028133538,👩‍❤️‍💋‍👩
989,-15.87123677208674,-11.077877399428207,👩‍👩‍👦
990,-15.690197875630657,-8.68355994005566,👩‍👩‍👦‍👦
991,-9.837297563610155,-11.520098469383775,👩‍👩‍👧
992,-16.855291484878993,-7.654520520656885,👩‍👩‍👧‍👦
993,-12.165141108361405,10.801964022936263,👩‍👩‍👧‍👧
994,-13.675221265475665,-13.285466974222393,👩🏻
995,-14.392173169815722,-10.45685612108482,👩🏼
996,-6.346704675248623,-16.953112078322594,👩🏽
997,-15.502414410586637,-13.712428789997816,👩🏾
998,-18.039327166451205,-9.825727340747855,👩🏿
999,-1.0065767523545577,-3.119933288147649,👪
1000,-13.998126120882164,9.784133376199204,👫
1001,-1.8161007053771696,-4.3771692591187685,👬
1002,-1.7212977023829221,-4.206857990732696,👭
1003,-6.709290492874099,2.826849228665939,👮
1004,-19.10316978476412,-5.962525264293747,👮🏻
1005,-12.807506617186354,11.791653703756078,👮🏼
1006,-11.462081333342512,1.6670338565145486,👮🏽
1007,-16.43040093844663,-5.232902041824649,👮🏾
1008,-16.623070076223684,-6.7997432974525545,👮🏿
1009,0.7798204513696091,-6.169548373385622,👯
1010,-0.326591092261894,-2.055305932114373,👰
1011,0.5536109516552385,-8.694645502453996,👰🏻
1012,-13.883764480419972,-12.224382707407079,👰🏼
1013,-11.293101038025757,-14.847619969891358,👰🏽
1014,-13.079757694802657,-12.765372108501406,👰🏾
1015,-11.162581680903024,-10.98098629311948,👰🏿
1016,1.217519861866811,-11.148523997967715,👱
1017,-10.711575294176594,-14.18855353013892,👱🏻
1018,-16.814064923628848,-12.305579438853139,👱🏼
1019,-10.585164652030684,-14.761245603478498,👱🏽
1020,-13.58064675586183,-13.89124631333412,👱🏾
1021,-13.212190338933715,-13.045125375479438,👱🏿
1022,-7.1224994064064955,-10.071653432740046,👲
1023,-12.272076932912128,-17.01700757443487,👲🏻
1024,-17.883784744758163,-12.761669579175756,👲🏼
1025,-12.09481387013456,3.081833411515564,👲🏽
1026,-13.140541052775914,-12.154659736964794,👲🏾
1027,-12.839716272567998,-17.409449294580526,👲🏿
1028,4.719069664817182,-1.1638410802423687,👳
1029,-8.883449395565924,-17.336914033295873,👳🏻
1030,-18.421079953847343,-11.609906027718091,👳🏼
1031,-11.446115644131122,-16.68627448069852,👳🏽
1032,-13.221061165628393,-12.71652149840503,👳🏾
1033,-13.346872112565908,-12.307763910506056,👳🏿
1034,-6.054877449955131,-12.270272837779205,👴
1035,-18.645497653109143,-11.56076208223247,👴🏻
1036,-15.288662174399702,-12.47118550838037,👴🏼
1037,-7.8045256954153155,-16.17954432432157,👴🏽
1038,-15.018523874128812,-13.602670009604656,👴🏾
1039,-3.084995794321269,-14.57425720032542,👴🏿
1040,0.2425725812240216,-9.61959356517324,👵
1041,-11.876254841985473,-16.580459054477792,👵🏻
1042,-16.19472993552272,-10.310385025077167,👵🏼
1043,-7.594453225475847,-18.605462868049447,👵🏽
1044,-4.343035208769921,-16.5242949497069,👵🏾
1045,-10.921630291310723,-14.519617039175998,👵🏿
1046,-4.50599695359012,-13.593686249696535,👶
1047,1.6926895291287454,-8.648436030595375,👶🏻
1048,-15.400653341372243,-13.325640773091159,👶🏼
1049,-6.811445257020387,-16.872850898007318,👶🏽
1050,-11.807369863240128,-13.882072112198232,👶🏾
1051,-13.09164815153164,-13.963593758999759,👶🏿
1052,-13.502709212101614,14.472890296902506,👷
1053,-9.053722063302393,12.597765869536957,👷🏻
1054,-8.623809884022057,15.091259458625245,👷🏼
1055,-3.924088529123864,-3.948159931457399,👷🏽
1056,-13.420913249802673,-5.796129070058947,👷🏾
1057,-13.733726625024305,12.907769003455888,👷🏿
1058,3.1536379186664316,-1.7922225595560919,👸
1059,-8.44036109175626,-6.329796178918208,👸🏻
1060,-3.9314175893539014,-5.5080594005306285,👸🏼
1061,-0.8820875710988757,-8.113351583535566,👸🏽
1062,-8.701319903172012,-6.532769112456163,👸🏾
1063,-8.706232005281196,-6.661071170446657,👸🏿
1064,14.74454416449523,-1.1829851749855762,👹
1065,3.0494733779359993,-7.811224179928943,👺
1066,0.3469492098347054,-13.454465115461709,👻
1067,0.9948615469263187,-1.8058144798469309,👼
1068,-13.496361815645088,2.534430987666522,👼🏻
1069,-7.1212834676140915,-14.330706372078666,👼🏼
1070,1.0341398789991985,-14.834344086822727,👼🏽
1071,-4.063308406254127,-15.62075990625321,👼🏾
1072,-5.321456690394913,-16.629599505154115,👼🏿
1073,-2.985492616034907,6.988592072302028,👽
1074,3.8946883849698395,10.304035675795,👾
1075,2.389324462316178,-13.031183986273751,👿
1076,0.92253422435119,-2.206919700258652,💀
1077,0.819149416829356,-0.8732437090743294,💁
1078,-16.61458463060376,-5.969662659695288,💁🏻
1079,-4.57177823474922,-4.563900983816683,💁🏼
1080,-9.883955645906832,-17.27018608228389,💁🏽
1081,-4.802617945714542,-17.160282093167886,💁🏾
1082,1.4022850440726837,-8.463814439410958,💁🏿
1083,1.1538615597497675,-1.3600386772211683,💂
1084,-12.477728226274651,-12.298494909636418,💂🏻
1085,-17.10370580736423,-7.592494972212644,💂🏼
1086,-7.223384875032512,-11.469772871550939,💂🏽
1087,-11.505048256234302,-15.40403026504949,💂🏾
1088,-14.317032467298986,1.6755621378414052,💂🏿
1089,4.009477830001563,-4.7167069295445625,💃
1090,-2.104131374697215,-14.141612295423688,💃🏻
1091,-8.261842246408676,-5.788621572496378,💃🏼
1092,4.55350647182459,-10.557014079744834,💃🏽
1093,13.859109702060943,-0.3156237513975013,💃🏾
1094,-0.8352378543453313,-8.276920752694616,💃🏿
1095,0.8927860886239048,-12.703733931675378,💄
1096,7.807828244390903,5.660687013810937,💅
1097,2.62370101813916,2.136112292314416,💅🏻
1098,12.344893036917027,5.006750860289462,💅🏼
1099,3.954137650811441,-1.7253162071797203,💅🏽
1100,1.966282128342472,-2.801526178895994,💅🏾
1101,-18.66261427338537,-6.655361295335685,💅🏿
1102,2.492093500074793,-16.552325557729578,💆
1103,-0.08115538804169017,-14.67292586652251,💆🏻
1104,-13.877352802865094,-9.896554260495854,💆🏼
1105,-0.17287460172279057,-14.35740120074401,💆🏽
1106,2.5375697515762274,-15.422487465916463,💆🏾
1107,-8.35964035192658,-15.453267310533452,💆🏿
1108,1.9177805784436102,-12.062856174712156,💇
1109,-18.41128354343446,-9.931513784443354,💇🏻
1110,-16.005455206032764,-9.632428104458763,💇🏼
1111,11.788116246045364,5.245474387055377,💇🏽
1112,-9.762144827809927,-16.087663790450378,💇🏾
1113,-12.351843228852937,-14.133847021768338,💇🏿
1114,-4.912749352235272,1.859463887191871,💈
1115,1.8066794808091817,9.53083066195674,💉
1116,10.727746792143574,7.55246988896941,💊
1117,-3.6698141487701785,-16.221486238441333,💋
1118,-8.576751360704872,-10.627526287110006,💌
1119,-12.604140780739723,-3.0961142888734403,💍
1120,-9.351041932018378,-2.0254133829255068,💎
1121,-1.9470177776429454,-15.391678413360692,💏
1122,-6.204805502939541,-2.434248996150296,💐
1123,-15.678130700370987,-13.440307014339341,💑
1124,-2.6026698650160385,-5.06968046144336,💒
1125,-3.2826487165798266,-8.315518679034806,💓
1126,2.8816160618149476,-15.911639994827985,💔
1127,-2.17529742809576,-11.491285635677661,💕
1128,-9.85523681311651,-15.042328707138362,💖
1129,-15.805933680911034,-1.6696356159289192,💗
1130,2.2082709297810235,2.1576272706901354,💘
1131,-4.4166129052972725,-6.640720460343939,💙
1132,1.3106684126886714,-8.041552957870982,💚
1133,-2.5383877925688063,-5.407231217667078,💛
1134,0.779274383306145,-5.3493712657135335,💜
1135,3.5059969563814457,-9.825260574638998,💝
1136,0.318730234303057,-1.6225857264666146,💞
1137,-14.633067895257806,-12.827295008198968,💟
1138,2.7024372061239297,-4.2636069122638816,💠
1139,6.867166013867697,3.4329487102797303,💡
1140,15.339945026341054,-2.2487942027954415,💢
1141,-7.65434698898277,13.437561630810725,💣
1142,7.515559462364582,-14.409093603498695,💤
1143,2.2105418688543503,-2.7782932411036256,💥
1144,6.592821184657227,3.736016594659505,💦
1145,6.500963575947687,-3.007642175266045,💧
1146,-7.202363878211091,14.019325785729484,💨
1147,-2.7667115881214177,-10.752502550493404,💩
1148,14.894733623839517,-1.4349896198335417,💪
1149,0.6868440625410759,-11.462712633609593,💪🏻
1150,0.1203847421254564,-11.113763772346454,💪🏼
1151,1.3837229076704998,-11.952489737471776,💪🏽
1152,0.6549367775935054,-12.334145181932302,💪🏾
1153,1.7565540628763745,-12.174613279572982,💪🏿
1154,9.159196428402618,-7.524450034879873,💫
1155,-0.9133047163832986,-3.8816115684138466,💬
1156,-1.9513464676171703,-10.636843000459516,💭
1157,2.3490940312812123,-0.8250287619893006,💮
1158,-1.8254982166654055,2.07356713314598,💯
1159,0.015175899501872515,-3.1548152325321825,💰
1160,-10.009929680984907,12.49291045795157,💱
1161,-3.1102095796819276,12.77546399186125,💲
1162,-7.184095267161953,8.065206272226222,💳
1163,-8.094307714550988,7.717310015736904,💴
1164,-10.738123992567537,4.704282255452716,💵
1165,-6.480133489301736,7.081957650240587,💶
1166,-11.078931366839345,-0.8944818891903937,💷
1167,-3.116225953679685,4.132671038730229,💸
1168,-17.0461431344727,11.935081137440674,💹
1169,5.377704939369801,7.696476849925954,💺
1170,-1.3260868956732146,9.187272357404304,💻
1171,-6.557349446135538,14.68690144303589,💼
1172,12.658084015532342,5.705260849277712,💽
1173,-1.3177599723438982,12.994459414691484,💾
1174,-2.3367611036606744,11.334157956661453,💿
1175,-1.0660810506837366,13.394665497487349,📀
1176,-16.344558265974644,1.9217862317090078,📁
1177,-10.709684232562797,-3.7039270141765845,📂
1178,-2.321187012074635,0.7723929382175093,📃
1179,-11.04626909265476,0.4749389906792309,📄
1180,-11.279173818220118,10.632099126270234,📅
1181,-9.90498959145752,11.096444036918003,📆
1182,-15.257000296224465,10.641930038437309,📇
1183,-14.455328171128844,11.882098037202638,📈
1184,-11.787791635480986,12.94475033051173,📉
1185,-3.0393987879605775,8.906204377801,📊
1186,7.603399443526865,7.792793338458048,📋
1187,7.2519564288418294,6.8784755212128825,📌
1188,-4.40402113995563,3.0825562188999682,📍
1189,6.760573899758782,-6.179573874444555,📎
1190,-5.941425792903052,9.106373632280391,📏
1191,-10.65605133311544,-3.7322931769828824,📐
1192,8.908550909089263,-6.549570349008804,📑
1193,-2.749463138335984,-1.9530161365681786,📒
1194,-5.364382711173499,-8.227842184823988,📓
1195,-15.040727353892231,-6.654787126693158,📔
1196,-12.743042443402295,-6.032156791430073,📕
1197,-8.412203847404765,-13.798887695656264,📖
1198,-15.83522439417279,-3.7763477438238024,📗
1199,-13.853651467970527,-7.071253875727367,📘
1200,-13.673677644771505,-4.239891941879046,📙
1201,-10.019176070311195,9.455082868956673,📚
1202,4.275855732902072,10.281314667474511,📛
1203,-5.73280974750965,8.834723240634633,📜
1204,-10.878079029722636,0.6018430933744291,📝
1205,4.0127711146651555,6.220333518978467,📞
1206,6.945521122052645,-5.971963431250701,📟
1207,-4.449257990605339,13.047020771128953,📠
1208,12.938443764807733,4.711345431222132,📡
1209,10.880300978751047,4.382348851082486,📢
1210,4.062280435650675,-14.650201622676512,📣
1211,1.9710342943652484,-10.934229892647256,📤
1212,8.835300630847303,-7.69328184199321,📥
1213,-5.52820342307014,13.078088117241922,📦
1214,4.257073592846923,6.877312758987209,📧
1215,-16.041923522758587,11.438083973435917,📨
1216,-12.013190407616879,7.0084936123527575,📩
1217,-22.892624709778225,6.151364689730083,📪
1218,-14.85133020094538,6.092296846461064,📫
1219,-17.96845956209964,9.699624407590013,📬
1220,-20.331847092534662,6.597539598968016,📭
1221,-2.5581522188446955,13.575222835922556,📮
1222,8.429857067003507,10.337309886757717,📯
1223,5.535716540179858,-2.52274133934218,📰
1224,2.405954038758629,12.504263551221749,📱
1225,-11.437871339951702,3.5201197215314153,📲
1226,1.4471239016102646,6.880974620180127,📳
1227,-6.045955706762765,12.856030319528628,📴
1228,-3.51491820308182,14.35032105860021,📵
1229,-6.614358627420358,13.852170374935838,📶
1230,-3.1283209993256826,12.71532619484815,📷
1231,-3.6596339548254773,12.537226389259,📸
1232,3.57942742158596,13.161716766296887,📹
1233,-4.411219868888059,8.452412532582152,📺
1234,-3.665585297781432,11.912346420912968,📻
1235,-2.705890338026073,14.123805578446913,📼
1236,-2.9806591697937908,14.470797305836374,📽
1237,0.24318556876425768,-11.882954816826983,📿
1238,5.880599804836482,-6.419012778206365,🔀
1239,0.16154413427600703,2.513024292013697,🔁
1240,-14.917726410148244,13.589329122041905,🔂
1241,-17.687727284492905,9.869883201449735,🔃
1242,-17.100176067439214,12.014220149981151,🔄
1243,-5.076669582753138,8.725527371493982,🔅
1244,-5.239878837988185,9.456796061123661,🔆
1245,-11.788850748764126,-12.66037479629806,🔇
1246,-2.375317731787641,5.423016488596083,🔈
1247,-1.9872124483706224,-1.526045630772196,🔉
1248,-12.589680534450416,-5.928275095782199,🔊
1249,7.232421019439425,10.551264043658126,🔋
1250,-1.1264405898575498,11.97717931981121,🔌
1251,2.435614474496018,-0.8361533914230834,🔍
1252,-3.018325613879293,-0.25979513184587977,🔎
1253,-8.198506567583964,12.58724677858738,🔏
1254,-11.649705271456453,11.779068502543923,🔐
1255,-14.975061422736433,8.559719782243311,🔑
1256,-3.215461361443514,14.261075493322329,🔒
1257,-9.760597619867298,12.593995631886829,🔓
1258,-3.522339827519568,11.313784333108956,🔔
1259,-0.8085654031713324,1.12883022366785,🔕
1260,-9.73022789696857,8.537359587650036,🔖
1261,-2.5469887684326418,12.829781022652051,🔗
1262,4.577261666733826,-10.901398141868453,🔘
1263,-8.486688039141548,13.77831255391077,🔙
1264,-9.583734726551652,11.186892998547917,🔚
1265,-11.363591192169757,11.401671779580708,🔛
1266,-13.015499872731995,-10.042629477364455,🔜
1267,-10.993747227626121,13.287535567530602,🔝
1268,-14.723886431069214,10.313770339447345,🔞
1269,-8.021396303422852,6.597802414184887,🔟
1270,8.821956543005648,8.553531008509731,🔠
1271,12.874544993399823,5.876342912754144,🔡
1272,-4.838171269944731,13.265377251641588,🔢
1273,2.6631607997987192,0.10668263246796952,🔣
1274,-6.084518617909491,5.121988352631894,🔤
1275,5.05083568230618,2.2900094051070288,🔥
1276,-3.293684311270605,11.835901322660693,🔦
1277,-0.12638623499423712,0.1423070767970765,🔧
1278,5.734221716769214,8.832158576818182,🔨
1279,1.4143501025133427,-4.054025383934598,🔩
1280,8.241420658933547,5.1507535539422955,🔪
1281,-7.22399158087171,3.4439077384108416,🔫
1282,4.569111666497555,9.772949318159744,🔬
1283,4.001389516714311,9.591703768416965,🔭
1284,4.188566853095365,9.030930824968681,🔮
1285,-13.13818936771138,12.168912402956504,🔯
1286,-11.28649428254429,-2.8293135796538422,🔰
1287,-5.131640647091952,10.89018904072961,🔱
1288,-19.784537994691078,-6.832554326040317,🔲
1289,-11.913947200344085,3.379690949048679,🔳
1290,-9.301505863784584,-12.098086775726676,🔴
1291,-14.357702243987092,-4.457569579368116,🔵
1292,7.781675813035333,-0.6467049124033999,🔶
1293,-6.912648108649135,4.811433515058737,🔷
1294,14.801555861901717,1.1384160813012911,🔸
1295,6.9787925433360485,0.21796103419191737,🔹
1296,-16.306371284920374,-4.589187968183379,🔼
1297,-15.502229366082716,-12.40605460962695,🔽
1298,10.58695242857647,9.071732543641597,🕉
1299,-14.130044689718288,-13.207357796531713,🕊
1300,-4.861535782670211,13.461373344334323,🕋
1301,-4.3563306817730165,14.691767959689784,🕌
1302,8.651268466257617,5.526761801955132,🕍
1303,4.843322617717135,-1.3256640857712927,🕎
1304,-14.240070849705337,13.88054160600625,🕐
1305,-13.689924730738502,12.007403572134844,🕑
1306,-12.551050764572858,8.810019540678983,🕒
1307,-18.098420813929263,-5.221800807917428,🕓
1308,-14.177189172997805,10.798622726736333,🕔
1309,-13.79975868518061,11.700158741642758,🕕
1310,-13.494830068169968,10.920986236379608,🕖
1311,-14.822176747098718,12.112468765773723,🕗
1312,-14.090813280765216,13.83770303804316,🕘
1313,-0.3432527588608556,-1.6507584638121109,🕙
1314,-12.3942341603982,8.132811999501268,🕚
1315,-14.622782625180536,12.335731354480188,🕛
1316,9.674261310630689,0.1467795044339337,🕯
1317,-4.456567175720634,13.10348377967173,🕰
1318,-6.012084345155236,-4.3574062087815895,🕳
1319,-11.991014514148931,15.019989295762054,🕴
1320,2.79773959854804,9.84411695112621,🕵
1321,5.355820358466868,-0.2773757955076522,🕶
1322,2.3201678781945327,-3.8610912867403377,🕷
1323,-6.650258234623871,6.634224757315436,🕸
1324,4.17804715526929,8.451949972519634,🕹
1325,7.582395834054786,-0.8880094289643905,🕺
1326,-12.40742124526808,14.364161177060044,🖇
1327,-14.280008595358419,13.988165378615292,🖊
1328,-9.151592740287317,12.701919075474068,🖋
1329,-13.3459069810728,-2.2730928926643426,🖌
1330,-13.026061449188237,-10.306683811866032,🖍
1331,-9.54785625142962,2.7679013707204123,🖐
1332,0.637223132869949,-7.05344730158512,🖕
1333,-16.93383060531254,10.745780111652737,🖖
1334,-17.512696204968133,-8.305471100898064,🖖🏻
1335,-17.225751109078477,-12.001451146496482,🖖🏼
1336,-18.64142508633932,-12.376732883567117,🖖🏽
1337,-17.161445984768033,-7.881976227427703,🖖🏾
1338,-9.569308806007138,-17.789616626947083,🖖🏿
1339,-13.904013808076554,-7.328984268995281,🖤
1340,-5.926604848973637,9.913838000765773,🖥
1341,3.0583284887443547,12.025680396090065,🖨
1342,-15.693219943900765,-7.546982235749892,🖱
1343,13.26267987014354,-0.29537714337514914,🖲
1344,-11.603338994098179,3.321430678135019,🖼
1345,-10.661614132919192,12.082906434673683,🗂
1346,-4.52592001669189,12.033503581552187,🗃
1347,-11.54686980700336,13.466132750650202,🗄
1348,0.06923044065236136,-3.4946026457620314,🗑
1349,-5.802325329284206,10.918913974501136,🗒
1350,-4.739594705931267,11.550275302537754,🗓
1351,-3.9664647342225883,12.827393645583227,🗜
1352,-15.66151387936032,11.33886501174072,🗝
1353,-9.133642622683372,12.603579528126799,🗞
1354,5.89383183618364,8.036622598090688,🗡
1355,-8.795704947036155,-15.584827420530749,🗣
1356,-15.015720670968316,-13.634550912801636,🗨
1357,-7.522092036012299,-15.389025792809438,🗯
1358,-13.545029440977993,13.33933365127981,🗳
1359,-11.964678942950476,12.97822078160295,🗺
1360,-4.848606633456824,10.688717845652889,🗻
1361,-10.548056536797247,7.2421525863967675,🗼
1362,-13.822929624882626,8.691702835477898,🗽
1363,-10.296880815066071,7.743819810096194,🗾
1364,3.24069401321837,-3.13843322003708,🗿
1365,0.34943720601844863,-15.938356227245604,😀
1366,5.6917566556292085,-12.288475729860885,😁
1367,-3.0923832775777096,-16.62327015997832,😂
1368,-1.683867258239358,-15.699067406550935,😃
1369,-1.3584144307539625,-15.890456497379347,😄
1370,4.765154519760564,-16.082621499270576,😅
1371,5.518861081093164,-10.936242280345402,😆
1372,2.641076413826038,-3.39102522199435,😇
1373,4.042142114786266,-14.335299573195625,😈
1374,8.296744710385893,-13.41637396806242,😉
1375,2.9664914627714607,-11.781378067078364,😊
1376,14.677987631867103,-0.29896820525501516,😋
1377,5.609468363322897,-3.280394518125862,😌
1378,-2.309499778494503,-13.276937627609305,😍
1379,-1.074045731274348,-7.479653216837823,😎
1380,6.125475203680355,-15.082242035890717,😏
1381,4.784460576366407,-2.763391924300187,😐
1382,0.7328102900277894,-2.52195705957948,😑
1383,5.176199758195213,-15.203812607476223,😒
1384,14.43921011416962,-4.43144328057694,😓
1385,2.753852169376635,-14.043492402385509,😔
1386,10.604539243426313,-7.765217778764018,😕
1387,4.564877925602589,-4.014802731082437,😖
1388,-2.407255980196749,-14.502622132956567,😗
1389,-2.7992291000373104,-13.787619655271433,😘
1390,1.5208100220336755,-14.141173274919508,😙
1391,-3.125820407700681,-13.637085175252633,😚
1392,4.443520771800701,-13.661735737409813,😛
1393,6.85918633690399,-14.850609354527828,😜
1394,3.773386385177585,-13.084706029999273,😝
1395,3.9578161681129287,-3.8023922214964587,😞
1396,-3.4870618409500223,-10.658602304461311,😟
1397,3.196911972659061,-15.247230710832511,😠
1398,5.991167646250011,-14.952603409733435,😡
1399,4.673636397073872,-14.747119387293012,😢
1400,6.757041232568454,-14.360557423140971,😣
1401,5.205721905211392,-8.004046757409357,😤
1402,6.634131934562091,-13.326948684947531,😥
1403,3.2265973234886154,-15.360976137204542,😦
1404,4.600225387370817,-14.778759565715687,😧
1405,7.598553578761214,-14.069017832309614,😨
1406,15.843676983018602,-2.8538470760138615,😩
1407,14.135125810805894,-1.1467047003572477,😪
1408,7.53507865328096,-13.906127825951899,😫
1409,4.109746886615332,-15.089341675449385,😬
1410,6.143337849963054,-15.02410360981823,😭
1411,-2.165688675445448,-10.54994440646877,😮
1412,4.097666498268713,-7.388440129808983,😯
1413,4.1938461513184935,-14.880374146769363,😰
1414,-0.6505668900519904,-0.3742196376924988,😱
1415,7.896500978913132,-14.103736000698508,😲
1416,1.7463172063976014,-12.217217522961652,😳
1417,10.836862080872002,-3.405119226112568,😴
1418,7.044135288175292,-13.77309931179261,😵
1419,-2.8369392354664025,-7.975671011669531,😶
1420,1.307094065794958,-9.224692604100813,😷
1421,-0.8386498497520891,-15.762659794204078,😸
1422,5.238156180895649,-14.77276420402657,😹
1423,-1.4913826195170958,-14.555494879769519,😺
1424,1.7963134176409135,-14.657658674601613,😻
1425,4.4380373865174185,-14.851422529477174,😼
1426,1.7578408293390928,-16.298346166205288,😽
1427,2.3439208741368964,-13.077674947796755,😾
1428,2.603556733981921,-14.825591417218178,😿
1429,15.93118998910377,-3.00430610192586,🙀
1430,-3.591393719354777,-16.658245578743283,🙁
1431,-6.51554745405307,-17.76215920636772,🙂
1432,4.475197762389519,-13.87446782510535,🙃
1433,-12.771323199867776,-1.671160599838054,🙄
1434,-1.1669404992839039,1.2416990151306853,🙅
1435,-13.9710211576991,-12.07286361229876,🙅🏻
1436,-14.845331547132725,-10.67489550675125,🙅🏼
1437,-7.926132881258784,-17.110913580925345,🙅🏽
1438,-17.69882868611498,-8.959390846181519,🙅🏾
1439,1.0098947918437833,-1.708951020355941,🙅🏿
1440,-1.6526900012753976,-0.8097434506759177,🙆
1441,-13.745221880384433,-13.393428066347012,🙆🏻
1442,-13.500089802504533,-15.825797655236064,🙆🏼
1443,-8.294344764548237,-17.116976581519214,🙆🏽
1444,1.0228717551429052,-7.179041983743556,🙆🏾
1445,-12.615250164857871,-15.39337527085669,🙆🏿
1446,-0.6368223312577965,-0.7654050547899509,🙇
1447,-12.361827449751882,-14.770355368734736,🙇🏻
1448,-18.649124986014133,-7.9262456131262455,🙇🏼
1449,-8.139281817183578,-16.769614703678926,🙇🏽
1450,-5.920043015098073,-14.82311640900061,🙇🏾
1451,-9.722888926703826,-16.545809671322164,🙇🏿
1452,2.7079249508135685,-13.978642835211444,🙈
1453,13.775152085555,-2.7033048982671577,🙉
1454,4.7268242063063965,-4.873158723462295,🙊
1455,0.3905905136304208,-2.1252990207754507,🙋
1456,-14.614429055444559,-10.889680364936808,🙋🏻
1457,-14.727433728987826,-10.733036865523676,🙋🏼
1458,-12.661050775965746,-13.430071596193441,🙋🏽
1459,-12.955375919044124,-16.78255651575272,🙋🏾
1460,-16.196299140754324,-11.499420611887215,🙋🏿
1461,1.3837127282156987,-3.0599366976134523,🙌
1462,-17.818284753182343,-8.589242772917572,🙌🏻
1463,-16.028285479926645,-11.569100043196912,🙌🏼
1464,-9.534079594322819,-15.18823460075611,🙌🏽
1465,-18.8745378150199,-5.316531238862823,🙌🏾
1466,-16.46511865277986,-11.648109080036843,🙌🏿
1467,-3.6313104698681657,-17.04145414355462,🙍
1468,-8.613656562961918,-15.29169271974354,🙍🏻
1469,-17.800458982267045,-10.76033742576211,🙍🏼
1470,-6.8939673797287035,-16.78076923574652,🙍🏽
1471,-13.810282702910348,3.110433846670729,🙍🏾
1472,-10.207716704134231,-16.117892654692806,🙍🏿
1473,2.4473447003601643,-9.713898150112907,🙎
1474,1.767709557779721,-8.273787193733217,🙎🏻
1475,-6.6278818679145255,-16.715309184929865,🙎🏼
1476,-1.8908967009914581,-15.656804859192649,🙎🏽
1477,13.927672668902261,-0.53614004920228,🙎🏾
1478,-7.606169500304832,-15.606635417666089,🙎🏿
1479,-2.272691804049462,-11.184903276374342,🙏
1480,-17.485171225249854,-9.587623302398821,🙏🏻
1481,-14.957404459156974,-11.043262266253436,🙏🏼
1482,-6.357318518094771,-15.403385042193529,🙏🏽
1483,-5.919105266595667,-14.69303519834531,🙏🏾
1484,-16.113755788015936,-14.234916983516163,🙏🏿
1485,4.069777628385452,10.231792435123578,🚀
1486,3.869257113645988,9.091129625105326,🚁
1487,0.7477663804354533,12.356400899460873,🚂
1488,-0.16589711411970365,14.82998440124445,🚃
1489,-5.215684158651856,13.409282296236128,🚄
1490,0.17293259450553006,15.177553390822599,🚅
1491,-0.18717426751806332,14.746846731510514,🚆
1492,-1.4347866089902626,12.849579210068397,🚇
1493,-3.6890949334268885,10.364522964183053,🚈
1494,-0.12235764240777112,14.537261137650045,🚉
1495,-1.2157504520274929,14.960758296139902,🚊
1496,0.07508434148530868,14.968314243069893,🚋
1497,-8.112537836285947,11.093416971187857,🚌
1498,-2.167207954146919,10.136216244367015,🚍
1499,-0.08818190838269466,12.765023487553961,🚎
1500,1.532365469008906,12.503911109933227,🚏
1501,-0.14428094555963447,14.634098448403893,🚐
1502,-3.1908048146838257,8.106379640982166,🚑
1503,-0.027474335245847734,11.91004693920139,🚒
1504,-7.793790568302404,11.050232264050152,🚓
1505,-8.537148612342891,8.639825359173622,🚔
1506,-3.6983340379175607,13.994423321868249,🚕
1507,-7.6647836332914,8.91300295213369,🚖
1508,-6.028165014395591,7.408059305941956,🚗
1509,-0.18572684423619865,14.822937183992005,🚘
1510,-2.011260722880224,12.008664255306417,🚙
1511,1.2212569790394596,12.1963320973416,🚚
1512,1.5817958931643379,3.9407368622593406,🚛
1513,1.080871622607574,1.7159680051567863,🚜
1514,2.1316081158447826,12.777169834344742,🚝
1515,0.5660038839084308,13.651520389444668,🚞
1516,2.069965072487689,12.746821628885042,🚟
1517,1.5591366785181044,12.414349445425309,🚠
1518,1.5895329752550034,15.117990598130504,🚡
1519,-0.1568015639594075,12.055618679543093,🚢
1520,-5.421602896647444,6.778853327952542,🚣
1521,4.479210858392906,8.073316668729346,🚣🏻
1522,-13.151101083389145,14.164478064842234,🚣🏼
1523,8.792174611392504,-6.869235895217708,🚣🏽
1524,-15.104947591090516,-7.94554923668124,🚣🏾
1525,0.6429875620673805,-0.6897604192058199,🚣🏿
1526,-0.26348401466646115,13.411016062485748,🚤
1527,-3.339068988012804,9.895847971155634,🚥
1528,4.355549783704627,2.7609792506116317,🚦
1529,3.892920414662669,5.353677274512058,🚧
1530,-7.270170971961625,7.25871515774926,🚨
1531,-4.839472731235947,0.48391029045975315,🚩
1532,-6.164488637727246,14.549793363771595,🚪
1533,0.6927772056228214,-3.3538700357277094,🚫
1534,12.868507006259629,-1.2624576805187078,🚬
1535,13.363419306583381,-1.242752970918344,🚭
1536,-3.7456839071776833,1.957902742937027,🚮
1537,12.794464729809263,-1.4957293027918381,🚯
1538,11.777846016607306,-1.8034396540224467,🚰
1539,13.424721485664632,-1.395896732885186,🚱
1540,-0.18141738083655454,13.483057495380834,🚲
1541,0.4487134869479168,10.978897794313342,🚳
1542,1.5510311361765006,15.142282984188915,🚴
1543,-17.224332128645727,-9.99157266012294,🚴🏻
1544,-16.579804088444195,-5.66391238102514,🚴🏼
1545,1.0374302742917934,-11.6280618096613,🚴🏽
1546,-1.326476997832127,-6.063997270646146,🚴🏾
1547,-13.981487230872283,-11.340671537197098,🚴🏿
1548,1.605917691178187,15.15474129437221,🚵
1549,-6.015711452410917,-6.032210388230366,🚵🏻
1550,-6.026008488167241,-5.971222506730595,🚵🏼
1551,-12.074792045011186,-14.383101277041886,🚵🏽
1552,-17.59287193393743,-6.897184765028949,🚵🏾
1553,-17.181743874796023,-10.761624932658595,🚵🏿
1554,-0.4008722501130693,4.361214235589564,🚶
1555,-13.501074693997237,10.700450408193564,🚶🏻
1556,-14.267875802449208,10.152137782963107,🚶🏼
1557,1.5336173200590093,-8.496853952622887,🚶🏽
1558,-12.659242015688744,10.7067789960893,🚶🏾
1559,-14.00153686575026,12.915786892717904,🚶🏿
1560,-0.40239081751602673,4.279794657666014,🚷
1561,1.0008184049663345,4.607206977973183,🚸
1562,0.5646301675281021,-1.4004616565024193,🚹
1563,0.0032538395366864623,-1.0049664678592052,🚺
1564,1.1361825096593567,-2.8563142587273074,🚻
1565,8.60843935070532,-13.016791215371379,🚼
1566,1.633306698608445,0.3826888106899996,🚽
1567,1.7180396026606184,-0.3302709494059304,🚾
1568,14.10348517751177,1.9509812840534946,🚿
1569,1.2846401182243021,8.510264716809148,🛀
1570,-8.614821297918823,9.957756227679893,🛀🏻
1571,-8.401537426958635,11.367916332749774,🛀🏼
1572,10.465114011956972,2.4756067188330544,🛀🏽
1573,-2.3991256815991067,9.24638495677454,🛀🏾
1574,6.869622712405849,3.121387909843211,🛀🏿
1575,14.54283105053028,2.7717943114695553,🛁
1576,-7.086447395520366,7.90416384860582,🛂
1577,-4.350561879940382,-0.4712437061038615,🛃
1578,-2.6803700396206342,-1.0398574351142071,🛄
1579,-1.176162688679861,3.882615653218236,🛅
1580,1.5248217055027975,-5.591797297845562,🛋
1581,-6.691716058572534,7.449934314526181,🛌
1582,-6.6829831661272685,14.25370145164946,🛍
1583,8.714416327110813,-6.945760633280719,🛎
1584,14.088844436936515,-1.5053140026175227,🛏
1585,-7.434955868104751,9.850280080405065,🛐
1586,-15.88912357747185,9.406108123837292,🛑
1587,-19.688470478594777,-11.36352902650987,🛠
1588,-4.728100943188107,16.216932656689384,🛡
1589,13.242289686897786,0.22024814087675412,🛢
1590,-0.8223210123433927,15.361108359408654,🛣
1591,-5.540352766758754,12.787450061934408,🛤
1592,0.6211102307205665,13.389701264377674,🛥
1593,-0.4102888791070814,11.570422038333293,🛩
1594,-4.8999751958604705,13.102456145710459,🛫
1595,-5.538086239159152,12.762344802645218,🛬
1596,1.9422418606289567,11.031372319165841,🛰
1597,-4.287770277440609,10.39396800615618,🛳
1598,0.9496829905288788,8.843659937193623,🛴
1599,-0.7703059053884824,12.416531951006622,🛵
1600,-14.793505735342093,-9.155584539813194,🤐
1601,-2.78131880349596,-4.284885783871884,🤑
1602,1.827337094305369,-3.3248147033945954,🤒
1603,3.436034678232669,-14.69694983014269,🤓
1604,9.15455837934613,-6.51858950754236,🤔
1605,5.57711665934359,-4.810451159928483,🤕
1606,-1.6261892079662947,-0.07076628790799849,🤖
1607,4.553145953610553,-12.124165380939246,🤗
1608,1.763483886168838,-2.242732691422716,🤘
1609,-3.98207544938627,-14.882167229524443,🤙
1610,-4.077939617190327,-3.1172827032657056,🤚
1611,-11.83772247822915,-13.198096181345003,🤛
1612,-9.880227842962213,-16.45640765718596,🤜
1613,-4.1077560683626615,-11.873182916004088,🤝
1614,-14.770151600692603,-11.699523380421601,🤞
1615,-6.815883109305169,-7.313710935308519,🤠
1616,4.419775934252087,-13.558420707004599,🤡
1617,5.921591415417672,-14.328859606421638,🤢
1618,-2.1970910902738097,-6.425673381067935,🤣
1619,5.719955071332701,6.461959472014198,🤤
1620,3.4576623948884326,-13.912587531945322,🤥
1621,-0.7877284893648286,-11.39476676781364,🤦
1622,2.822143529284472,-15.316236458720237,🤧
1623,-2.9823084125266672,-8.082142202565546,🤰
1624,9.231145885046017,-6.9767776964866615,🤳
1625,-0.6218829899172897,-6.5055430350533845,🤴
1626,-7.415530937738262,-8.867153000082299,🤵
1627,-8.599938061852278,-6.277674504033932,🤶
1628,6.510020157116583,-14.65702282758373,🤷
1629,-0.7703458002932708,-0.5561176321566385,🤹
1630,8.140627559033108,5.484975615429435,🤺
1631,-4.439848592730386,-16.561388621402113,🤾
1632,7.272801698216795,-8.740106854865727,🥀
1633,9.676674886808042,-0.26329089586185184,🥂
1634,13.710905916498172,3.7548857105615303,🥃
1635,13.745933407267081,1.5547300324187132,🥄
1636,-1.9538667908423115,-14.21864345011366,🥐
1637,7.409918563172932,-8.844340320195519,🥑
1638,8.024073370934104,7.413301939212074,🥒
1639,10.48752901024937,2.1353893079980746,🥓
1640,15.697370101554196,1.4132220928824877,🥔
1641,-12.81891101699498,4.401782739855329,🥕
1642,12.035025047918273,1.2862216190452829,🥖
1643,11.534880774639237,1.5281079695787618,🥗
1644,7.27582810689212,2.4883504347135275,🥘
1645,7.694984310053782,7.836849831535228,🥙
1646,-11.722271107184556,8.884615273990761,🥡
1647,-2.7622527899065923,6.1995104263031555,🦀
1648,4.78652588823403,-12.884236065253232,🦁
1649,8.644412457599246,-7.837900588376653,🦂
1650,11.79066683496772,1.1852941651196536,🦃
1651,4.946262009951689,-12.871494853389917,🦄
1652,-11.0834375282979,-12.258182364053939,🦅
1653,11.435233000792255,-6.98344844367645,🦆
1654,2.432090401946907,1.8167492676211503,🦇
1655,12.25422047169843,8.370844814119476,🦈
1656,9.549168401125941,-5.5263846110544215,🦉
1657,-2.1444168675000124,-9.187957702873438,🦊
1658,1.6011523596689654,-6.185228603310143,🦋
1659,11.229729216633887,-7.863304116219205,🦏
1660,10.151339756754902,5.899425870988676,🧀
